date,equity,returnPct
2022-08-31,100,0
2022-09-01,99.8447,-0.155338
2022-09-02,100.6842,0.839574
2022-09-05,101.281,0.596785
2022-09-06,101.1618,-0.119194
2022-09-07,102.0495,0.887638
2022-09-08,103.1771,1.127624
2022-09-09,104.7319,1.554808
2022-09-12,105.4673,0.735362
2022-09-13,105.3269,-0.140382
2022-09-14,106.5523,1.225453
2022-09-15,107.5777,1.025327
2022-09-16,109.0812,1.503568
2022-09-19,110.1236,1.042351
2022-09-20,110.003,-0.120584
2022-09-21,111.5158,1.512792
2022-09-22,111.2174,-0.298383
2022-09-23,112.936,1.718557
2022-09-26,112.7764,-0.159545
2022-09-27,113.4749,0.698461
2022-09-28,113.3745,-0.10037
2022-09-29,113.0932,-0.281335
2022-09-30,114.02,0.92683
2022-10-03,115.32,1.300019
2022-10-04,116.1375,0.817531
2022-10-05,116.7301,0.592529
2022-10-06,117.7858,1.055734
2022-10-07,119.0706,1.284825
2022-10-10,119.8437,0.773017
2022-10-11,120.3501,0.506493
2022-10-12,120.8179,0.467782
2022-10-13,122.173,1.355061
2022-10-14,122.6207,0.44775
2022-10-17,123.4827,0.861921
2022-10-18,124.5794,1.096697
2022-10-19,125.376,0.796652
2022-10-20,125.2689,-0.107128
2022-10-21,125.2332,-0.035668
2022-10-24,126.5721,1.338908
2022-10-25,127.6163,1.044176
2022-10-26,127.4535,-0.162773
2022-10-27,127.3113,-0.142191
2022-10-28,128.6417,1.330403
2022-10-31,129.37,0.728262
2022-11-01,130.0293,0.659271
2022-11-02,129.8536,-0.175645
2022-11-03,131.4344,1.580772
2022-11-04,131.1768,-0.257628
2022-11-07,131.138,-0.038768
2022-11-08,132.8351,1.697128
2022-11-09,133.7834,0.948317
2022-11-10,134.5442,0.760715
2022-11-11,135.9901,1.44595
2022-11-14,137.5787,1.588595
2022-11-15,137.4635,-0.115224
2022-11-16,138.2242,0.760736
2022-11-17,139.0924,0.868216
2022-11-18,138.9654,-0.127026
2022-11-21,139.1582,0.192808
2022-11-22,140.1751,1.016851
2022-11-23,141.2743,1.09925
2022-11-24,142.1814,0.907111
2022-11-25,143.3405,1.159047
2022-11-28,143.7252,0.384694
2022-11-29,143.5811,-0.144095
2022-11-30,143.89,0.308924
2022-12-01,145.4139,1.523932
2022-12-02,146.5657,1.151782
2022-12-05,148.1072,1.541476
2022-12-06,147.8549,-0.252265
2022-12-07,148.538,0.683064
2022-12-08,148.2867,-0.251327
2022-12-09,149.8929,1.606219
2022-12-12,150.0909,0.19803
2022-12-13,151.1321,1.04116
2022-12-14,152.4314,1.299348
2022-12-15,153.5898,1.158411
2022-12-16,154.2162,0.626367
2022-12-19,155.441,1.22481
2022-12-20,155.4075,-0.033525
2022-12-21,155.6488,0.241326
2022-12-22,156.5003,0.851446
2022-12-23,158.0336,1.53337
2022-12-26,158.9329,0.899269
2022-12-27,159.0767,0.143799
2022-12-28,159.6839,0.607211
2022-12-29,160.0108,0.326858
2022-12-30,160.39,0.379237
2023-01-02,160.8868,0.496767
2023-01-03,162.0918,1.204991
2023-01-04,162.7939,0.70211
2023-01-05,163.8256,1.031739
2023-01-06,164.2805,0.454863
2023-01-09,164.0869,-0.193582
2023-01-10,164.8477,0.760805
2023-01-11,165.2839,0.43626
2023-01-12,166.3934,1.109416
2023-01-13,167.6243,1.23091
2023-01-16,168.5789,0.954672
2023-01-17,169.457,0.878099
2023-01-18,169.7364,0.279394
2023-01-19,170.6745,0.938012
2023-01-20,171.0702,0.395773
2023-01-23,171.7137,0.643493
2023-01-24,172.3649,0.6512
2023-01-25,173.1908,0.825857
2023-01-26,173.8751,0.684314
2023-01-27,173.6567,-0.218359
2023-01-30,174.9826,1.325885
2023-01-31,174.82,-0.162622
2023-02-01,175.3126,0.492637
2023-02-02,175.2601,-0.052511
2023-02-03,176.0629,0.802735
2023-02-06,176.8937,0.830861
2023-02-07,178.0059,1.112229
2023-02-08,178.9568,0.950832
2023-02-09,180.0868,1.130056
2023-02-10,180.4717,0.38488
2023-02-13,180.3084,-0.163337
2023-02-14,181.0755,0.767145
2023-02-15,181.8916,0.816089
2023-02-16,182.3613,0.469735
2023-02-17,183.4915,1.130162
2023-02-20,184.5669,1.075432
2023-02-21,184.797,0.230089
2023-02-22,185.0137,0.216716
2023-02-23,185.9751,0.961338
2023-02-24,187.1011,1.126032
2023-02-27,187.7373,0.636205
2023-02-28,188.83,1.092677
2023-03-01,189.002,0.171986
2023-03-02,189.6399,0.637903
2023-03-03,190.9278,1.287962
2023-03-06,192.2439,1.316088
2023-03-07,192.6545,0.410524
2023-03-08,192.8395,0.185009
2023-03-09,193.3788,0.539378
2023-03-10,194.1295,0.750681
2023-03-13,194.7252,0.595632
2023-03-14,195.7744,1.049236
2023-03-15,195.6113,-0.163129
2023-03-16,196.5138,0.902516
2023-03-17,196.814,0.300194
2023-03-20,197.6772,0.863263
2023-03-21,197.6414,-0.035801
2023-03-22,198.7128,1.071383
2023-03-23,199.8439,1.13106
2023-03-24,200.9841,1.140258
2023-03-27,202.0194,1.035261
2023-03-28,202.2313,0.211913
2023-03-29,202.4268,0.195496
2023-03-30,203.526,1.09917
2023-03-31,204.13,0.604016
2023-04-03,204.2506,0.120582
2023-04-04,205.4904,1.239819
2023-04-05,207.1444,1.654004
2023-04-06,208.4841,1.339747
2023-04-07,209.7975,1.313401
2023-04-10,209.6789,-0.118618
2023-04-11,210.7105,1.031568
2023-04-12,211.4267,0.716242
2023-04-13,212.1564,0.72971
2023-04-14,213.0973,0.940899
2023-04-17,213.7642,0.666901
2023-04-18,214.3128,0.548565
2023-04-19,215.1882,0.875367
2023-04-20,214.9338,-0.254395
2023-04-21,215.1542,0.220409
2023-04-24,216.7792,1.625043
2023-04-25,217.6996,0.920325
2023-04-26,217.6093,-0.090253
2023-04-27,218.3861,0.776821
2023-04-28,219.53,1.143864
2023-05-01,219.4202,-0.109811
2023-05-02,219.8724,0.452202
2023-05-03,221.3082,1.435851
2023-05-04,221.822,0.513751
2023-05-05,222.4918,0.669822
2023-05-08,222.3958,-0.096012
2023-05-09,223.4322,1.036409
2023-05-10,223.7718,0.339616
2023-05-11,225.2525,1.480658
2023-05-12,225.7539,0.501437
2023-05-15,226.5943,0.84037
2023-05-16,226.8583,0.263999
2023-05-17,227.7521,0.893795
2023-05-18,228.9269,1.17481
2023-05-19,230.1835,1.256591
2023-05-22,230.8165,0.633019
2023-05-23,231.8442,1.027698
2023-05-24,232.6019,0.75769
2023-05-25,233.1552,0.553332
2023-05-26,233.8082,0.653001
2023-05-29,234.0982,0.290023
2023-05-30,235.131,1.032769
2023-05-31,236.17,1.038981
2023-06-01,236.3112,0.141225
2023-06-02,236.6862,0.375011
2023-06-05,236.8125,0.126242
2023-06-06,237.2968,0.484281
2023-06-07,237.2273,-0.069451
2023-06-08,238.0914,0.86406
2023-06-09,239.1077,1.016378
2023-06-12,239.5787,0.47096
2023-06-13,240.4691,0.890444
2023-06-14,241.3727,0.903558
2023-06-15,241.8557,0.483021
2023-06-16,242.8321,0.976378
2023-06-19,243.8112,0.979074
2023-06-20,244.8838,1.072669
2023-06-21,245.8046,0.920709
2023-06-22,246.8212,1.016686
2023-06-23,247.2518,0.430608
2023-06-26,248.1843,0.932464
2023-06-27,248.5856,0.401251
2023-06-28,249.283,0.697457
2023-06-29,250.2215,0.938466
2023-06-30,251.28,1.05851
2023-07-03,251.1442,-0.135763
2023-07-04,251.5637,0.419459
2023-07-05,252.7555,1.191772
2023-07-06,253.7913,1.035793
2023-07-07,254.8602,1.068989
2023-07-10,256.0134,1.153121
2023-07-11,257.2131,1.199761
2023-07-12,258.2339,1.020723
2023-07-13,259.3503,1.116415
2023-07-14,259.7796,0.42935
2023-07-17,260.9305,1.150844
2023-07-18,261.5843,0.653877
2023-07-19,262.5736,0.9893
2023-07-20,263.502,0.92833
2023-07-21,264.33,0.828001
2023-07-24,264.8523,0.522325
2023-07-25,265.9052,1.052894
2023-07-26,266.3339,0.42874
2023-07-27,266.9009,0.566936
2023-07-28,266.7929,-0.107958
2023-07-31,266.93,0.137091
2023-08-01,268.0073,1.077334
2023-08-02,268.2443,0.236936
2023-08-03,268.0968,-0.147471
2023-08-04,269.114,1.017232
2023-08-07,270.4496,1.335554
2023-08-08,271.8116,1.362045
2023-08-09,272.1166,0.305014
2023-08-10,272.8046,0.687938
2023-08-11,273.5556,0.751067
2023-08-14,274.2523,0.696632
2023-08-15,274.7592,0.506873
2023-08-16,275.6378,0.878659
2023-08-17,276.6476,1.009826
2023-08-18,277.2148,0.567212
2023-08-21,278.3152,1.100393
2023-08-22,279.4678,1.152532
2023-08-23,280.7431,1.275311
2023-08-24,281.5492,0.806126
2023-08-25,282.4674,0.918152
2023-08-28,283.7514,1.284008
2023-08-29,283.6087,-0.142642
2023-08-30,283.4891,-0.11964
2023-08-31,283.6,0.110908
2023-09-01,284.2656,0.665601
2023-09-04,285.3462,1.080638
2023-09-05,286.6267,1.280497
2023-09-06,287.7747,1.14792
2023-09-07,287.5669,-0.207722
2023-09-08,288.0052,0.438317
2023-09-11,288.4479,0.442626
2023-09-12,288.8538,0.405953
2023-09-13,289.626,0.772211
2023-09-14,290.3273,0.701295
2023-09-15,291.476,1.148678
2023-09-18,292.2877,0.811665
2023-09-19,293.4278,1.140138
2023-09-20,293.3335,-0.094339
2023-09-21,294.0499,0.716427
2023-09-22,295.2408,1.190904
2023-09-25,296.1441,0.903312
2023-09-26,297.0003,0.856192
2023-09-27,297.5285,0.528165
2023-09-28,297.9519,0.423465
2023-09-29,298.81,0.858059
2023-10-02,299.9284,1.118428
2023-10-03,300.4801,0.551708
2023-10-04,301.6807,1.200537
2023-10-05,302.4149,0.734227
2023-10-06,302.581,0.166099
2023-10-09,303.0274,0.4464
2023-10-10,303.4402,0.412832
2023-10-11,303.8615,0.421312
2023-10-12,304.5163,0.654759
2023-10-13,305.7369,1.220561
2023-10-16,306.4482,0.711321
2023-10-17,307.5509,1.102681
2023-10-18,307.4819,-0.069008
2023-10-19,308.2579,0.776079
2023-10-20,309.1489,0.890974
2023-10-23,310.1675,1.018608
2023-10-24,309.9501,-0.217402
2023-10-25,310.5443,0.594216
2023-10-26,311.0583,0.513936
2023-10-27,311.5825,0.524239
2023-10-30,311.9822,0.399728
2023-10-31,312.97,0.987763
2023-11-01,313.7244,0.754441
2023-11-02,314.2397,0.515297
2023-11-03,314.663,0.423277
2023-11-06,315.6289,0.965863
2023-11-07,315.5053,-0.123603
2023-11-08,315.8915,0.386205
2023-11-09,316.576,0.684474
2023-11-10,317.3366,0.760646
2023-11-13,318.0454,0.70885
2023-11-14,318.5057,0.460255
2023-11-15,319.3926,0.886856
2023-11-16,320.4706,1.078
2023-11-17,321.487,1.016436
2023-11-20,322.1524,0.665385
2023-11-21,322.0911,-0.061262
2023-11-22,323.1152,1.024116
2023-11-23,324.1389,1.023693
2023-11-24,324.6393,0.500384
2023-11-27,325.0863,0.446945
2023-11-28,325.9976,0.911322
2023-11-29,326.4863,0.488696
2023-11-30,327.35,0.863724
2023-12-01,328.1951,0.845091
2023-12-04,327.983,-0.212076
2023-12-05,329.3007,1.31769
2023-12-06,329.9187,0.617991
2023-12-07,330.5721,0.653379
2023-12-08,330.799,0.226893
2023-12-11,331.6065,0.807495
2023-12-12,332.704,1.097552
2023-12-13,333.5471,0.843082
2023-12-14,334.9147,1.367579
2023-12-15,335.5449,0.630234
2023-12-18,336.4422,0.897318
2023-12-19,337.6437,1.201475
2023-12-20,338.2098,0.566135
2023-12-21,339.457,1.24718
2023-12-22,340.2767,0.819689
2023-12-25,340.1134,-0.163254
2023-12-26,340.8113,0.697855
2023-12-27,342.2569,1.445614
2023-12-28,342.7695,0.512572
2023-12-29,343.27,0.500506
2024-01-01,343.0429,-0.227073
2024-01-02,343.9895,0.94661
2024-01-03,344.8166,0.827112
2024-01-04,345.458,0.641364
2024-01-05,346.1093,0.651326
2024-01-08,346.437,0.32763
2024-01-09,346.1917,-0.245288
2024-01-10,347.645,1.453297
2024-01-11,348.7526,1.107667
2024-01-12,349.5734,0.82074
2024-01-15,350.5771,1.003743
2024-01-16,351.3957,0.818617
2024-01-17,352.8545,1.45879
2024-01-18,354.0041,1.149532
2024-01-19,354.2974,0.293327
2024-01-22,354.8828,0.585458
2024-01-23,354.7706,-0.112236
2024-01-24,354.9878,0.217142
2024-01-25,355.7797,0.791933
2024-01-26,357.1442,1.364542
2024-01-29,358.4,1.255722
2024-01-30,358.8471,0.447158
2024-01-31,359.75,0.902885
2024-02-01,360.9069,1.156879
2024-02-02,361.8277,0.920872
2024-02-05,362.8044,0.976669
2024-02-06,364.188,1.383604
2024-02-07,365.5553,1.367297
2024-02-08,366.2967,0.741432
2024-02-09,366.7602,0.463465
2024-02-12,368.0301,1.269905
2024-02-13,368.8298,0.799721
2024-02-14,368.7247,-0.105118
2024-02-15,369.5518,0.82704
2024-02-16,370.2894,0.737675
2024-02-19,370.1548,-0.134618
2024-02-20,370.7136,0.55874
2024-02-21,371.4316,0.718036
2024-02-22,372.0382,0.606566
2024-02-23,373.1749,1.136771
2024-02-26,373.7323,0.557378
2024-02-27,375.0239,1.291637
2024-02-28,375.3547,0.330718
2024-02-29,376.03,0.675329
2024-03-01,376.8186,0.788627
2024-03-04,378.3692,1.550588
2024-03-05,379.9171,1.547886
2024-03-06,380.0256,0.108476
2024-03-07,380.7624,0.736796
2024-03-08,382.1737,1.411336
2024-03-11,382.7652,0.591522
2024-03-12,383.8997,1.134486
2024-03-13,384.5606,0.660898
2024-03-14,384.7537,0.193122
2024-03-15,386.0021,1.248418
2024-03-18,386.5109,0.50878
2024-03-19,386.2824,-0.228511
2024-03-20,386.1044,-0.178
2024-03-21,387.528,1.423597
2024-03-22,388.5972,1.069167
2024-03-25,389.3733,0.776153
2024-03-26,390.4355,1.062123
2024-03-27,391.9016,1.466097
2024-03-28,392.6012,0.699681
2024-03-29,392.51,-0.091241
2024-04-01,393.2715,0.761522
2024-04-02,394.1676,0.896066
2024-04-03,394.5243,0.356693
2024-04-04,395.2817,0.757382
2024-04-05,395.166,-0.11568
2024-04-08,396.0698,0.903822
2024-04-09,396.1817,0.111864
2024-04-10,396.8002,0.618542
2024-04-11,397.2936,0.493377
2024-04-12,398.2787,0.985122
2024-04-15,398.8419,0.563237
2024-04-16,399.2725,0.430587
2024-04-17,400.0592,0.786698
2024-04-18,400.9544,0.895217
2024-04-19,400.7901,-0.164358
2024-04-22,401.312,0.521882
2024-04-23,402.2908,0.978829
2024-04-24,403.2036,0.912851
2024-04-25,403.944,0.740335
2024-04-26,404.5397,0.595717
2024-04-29,405.1793,0.639608
2024-04-30,405.82,0.640686
2024-05-01,406.7511,0.931076
2024-05-02,406.9554,0.204295
2024-05-03,408.0564,1.101057
2024-05-06,408.7703,0.713898
2024-05-07,409.4418,0.671515
2024-05-08,409.6123,0.170457
2024-05-09,410.385,0.772726
2024-05-10,411.2126,0.827567
2024-05-13,412.2585,1.045868
2024-05-14,413.2925,1.034089
2024-05-15,414.0903,0.797731
2024-05-16,414.5641,0.473873
2024-05-17,414.4812,-0.082952
2024-05-20,414.9215,0.440282
2024-05-21,415.5366,0.615109
2024-05-22,415.7093,0.172702
2024-05-23,416.7214,1.012099
2024-05-24,417.2555,0.534078
2024-05-27,417.9453,0.689875
2024-05-28,418.1954,0.250021
2024-05-29,419.2071,1.011702
2024-05-30,419.8067,0.599642
2024-05-31,420.67,0.86329
2024-06-03,421.8912,1.221174
2024-06-04,422.5102,0.619042
2024-06-05,423.4785,0.96826
2024-06-06,424.6012,1.122709
2024-06-07,425.6257,1.024546
2024-06-10,426.5524,0.926692
2024-06-11,427.6001,1.047691
2024-06-12,428.687,1.086936
2024-06-13,429.4723,0.785226
2024-06-14,429.9898,0.517499
2024-06-17,430.9442,0.954439
2024-06-18,431.6271,0.682857
2024-06-19,431.7887,0.161622
2024-06-20,432.4673,0.678658
2024-06-21,433.6349,1.167579
2024-06-24,434.29,0.655077
2024-06-25,434.1175,-0.172487
2024-06-26,434.7336,0.616046
2024-06-27,436.2086,1.474994
2024-06-28,437.16,0.95144
2024-07-01,437.8874,0.727362
2024-07-02,438.6768,0.789467
2024-07-03,438.6435,-0.033313
2024-07-04,439.1402,0.496719
2024-07-05,440.3733,1.23305
2024-07-08,441.3362,0.962909
2024-07-09,441.1922,-0.144015
2024-07-10,441.0477,-0.144468
2024-07-11,442.0438,0.996078
2024-07-12,443.3819,1.338123
2024-07-15,444.568,1.186086
2024-07-16,444.5403,-0.027707
2024-07-17,445.5295,0.989237
2024-07-18,446.2501,0.720553
2024-07-19,447.4414,1.191339
2024-07-22,448.0263,0.584873
2024-07-23,449.2003,1.174009
2024-07-24,449.9194,0.719079
2024-07-25,450.6639,0.744528
2024-07-26,451.8264,1.162476
2024-07-29,451.6584,-0.167976
2024-07-30,452.8321,1.173738
2024-07-31,453.73,0.897855
2024-08-01,454.6922,0.96218
2024-08-02,455.4052,0.712984
2024-08-05,456.0165,0.611308
2024-08-06,457.1531,1.136619
2024-08-07,456.9643,-0.188791
2024-08-08,457.6286,0.664308
2024-08-09,458.1451,0.516473
2024-08-12,457.9574,-0.187628
2024-08-13,458.5889,0.631499
2024-08-14,459.3062,0.717224
2024-08-15,460.4051,1.098892
2024-08-16,460.6752,0.270178
2024-08-19,461.3232,0.647972
2024-08-20,462.5373,1.214127
2024-08-21,463.1457,0.608408
2024-08-22,463.5457,0.399971
2024-08-23,463.6372,0.091466
2024-08-26,464.0449,0.407708
2024-08-27,464.7378,0.692875
2024-08-28,465.9343,1.196532
2024-08-29,466.3468,0.412514
2024-08-30,467.2,0.853182
2024-09-02,468.5048,1.304796
2024-09-03,468.7384,0.233591
2024-09-04,470.2627,1.524293
2024-09-05,471.3909,1.128221
2024-09-06,472.6712,1.280344
2024-09-09,473.8677,1.196438
2024-09-10,474.0693,0.201652
2024-09-11,474.8643,0.794951
2024-09-12,475.4405,0.576228
2024-09-13,476.6454,1.204916
2024-09-16,477.7269,1.081469
2024-09-17,478.9811,1.254253
2024-09-18,479.9933,1.012116
2024-09-19,479.8567,-0.136582
2024-09-20,479.7846,-0.072053
2024-09-23,479.9088,0.124154
2024-09-24,481.0375,1.128725
2024-09-25,482.2406,1.203053
2024-09-26,482.9213,0.680746
2024-09-27,483.4399,0.518569
2024-09-30,483.21,-0.229881
2024-10-01,483.6046,0.394574
2024-10-02,484.4889,0.884342
2024-10-03,484.3008,-0.188113
2024-10-04,484.7516,0.450834
2024-10-07,484.6063,-0.145291
2024-10-08,485.2055,0.599199
2024-10-09,486.4725,1.267005
2024-10-10,487.1743,0.70178
2024-10-11,488.3497,1.17534
2024-10-14,488.1817,-0.167982
2024-10-15,489.2098,1.028121
2024-10-16,489.0602,-0.149579
2024-10-17,490.1926,1.132377
2024-10-18,490.1453,-0.047299
2024-10-21,491.3278,1.182458
2024-10-22,492.5321,1.204346
2024-10-23,492.4622,-0.069858
2024-10-24,493.2304,0.768128
2024-10-25,494.311,1.08064
2024-10-28,494.9984,0.68734
2024-10-29,495.3872,0.388824
2024-10-30,495.9225,0.535276
2024-10-31,497.01,1.087537
2024-11-01,498.1899,1.179877
2024-11-04,499.0593,0.86947
2024-11-05,499.5474,0.488037
2024-11-06,500.4146,0.867209
2024-11-07,501.5881,1.173551
2024-11-08,501.397,-0.19115
2024-11-11,501.9338,0.536774
2024-11-12,501.6871,-0.246656
2024-11-13,502.6015,0.914384
2024-11-14,503.2294,0.627879
2024-11-15,504.1161,0.886713
2024-11-18,505.3251,1.208979
2024-11-19,506.0594,0.73435
2024-11-20,506.838,0.778575
2024-11-21,507.3636,0.525585
2024-11-22,507.5353,0.171779
2024-11-25,508.3695,0.834194
2024-11-26,509.6874,1.317848
2024-11-27,511.259,1.571614
2024-11-28,512.6503,1.391274
2024-11-29,512.86,0.209714
2024-12-02,512.6333,-0.22672
2024-12-03,513.773,1.139682
2024-12-04,515.0832,1.31029
2024-12-05,515.8739,0.790673
2024-12-06,516.8955,1.021533
2024-12-09,517.5875,0.692016
2024-12-10,518.8343,1.246824
2024-12-11,519.9606,1.126347
2024-12-12,520.9216,0.960988
2024-12-13,522.0048,1.083134
2024-12-16,521.7797,-0.225044
2024-12-17,522.68,0.900276
2024-12-18,523.5178,0.837797
2024-12-19,524.1976,0.679837
2024-12-20,525.1433,0.945684
2024-12-23,524.904,-0.23929
2024-12-24,525.2096,0.305538
2024-12-25,525.7444,0.53485
2024-12-26,526.3939,0.649455
2024-12-27,527.5677,1.173884
2024-12-30,528.0931,0.525355
2024-12-31,528.27,0.176893
2025-01-01,529.1364,0.866405
2025-01-02,529.744,0.607622
2025-01-03,530.7448,1.000822
2025-01-06,532.0775,1.332619
2025-01-07,533.0072,0.929746
2025-01-08,532.977,-0.030189
2025-01-09,533.587,0.610017
2025-01-10,534.676,1.088921
2025-01-13,535.5324,0.856471
2025-01-14,535.998,0.465529
2025-01-15,535.8277,-0.170226
2025-01-16,535.5991,-0.22863
2025-01-17,535.9257,0.326607
2025-01-20,537.1596,1.233933
2025-01-21,538.0855,0.925842
2025-01-22,539.2847,1.199174
2025-01-23,539.9032,0.618494
2025-01-24,540.3586,0.455422
2025-01-27,540.1665,-0.192041
2025-01-28,541.0552,0.888667
2025-01-29,542.3439,1.288713
2025-01-30,542.6236,0.279716
2025-01-31,543.36,0.736363
2025-02-03,543.213,-0.146953
2025-02-04,544.6186,1.405515
2025-02-05,546.25,1.631437
2025-02-06,546.4568,0.206789
2025-02-07,546.3877,-0.069086
2025-02-10,546.9324,0.544688
2025-02-11,547.8311,0.898668
2025-02-12,549.0118,1.180739
2025-02-13,550.0164,1.004579
2025-02-14,549.9444,-0.071944
2025-02-17,551.4716,1.527212
2025-02-18,552.1244,0.652785
2025-02-19,552.4762,0.35177
2025-02-20,552.8474,0.371164
2025-02-21,554.3223,1.474988
2025-02-24,554.1543,-0.168059
2025-02-25,555.519,1.364675
2025-02-26,555.3825,-0.136502
2025-02-27,557.0555,1.673033
2025-02-28,557.4,0.344502
2025-03-03,558.4218,1.021776
2025-03-04,559.0629,0.641164
2025-03-05,559.7626,0.699673
2025-03-06,560.2745,0.511929
2025-03-07,560.6401,0.365576
2025-03-10,561.315,0.674861
2025-03-11,562.4664,1.151396
2025-03-12,563.2875,0.821094
2025-03-13,563.5043,0.216834
2025-03-14,564.0443,0.540054
2025-03-17,563.9947,-0.049649
2025-03-18,563.7894,-0.205259
2025-03-19,564.8074,1.017938
2025-03-20,565.9306,1.123236
2025-03-21,566.3094,0.378793
2025-03-24,567.1599,0.850456
2025-03-25,567.4333,0.273455
2025-03-26,568.1631,0.729778
2025-03-27,569.2142,1.051135
2025-03-28,569.7009,0.486632
2025-03-31,570.84,1.139128
2025-04-01,571.9533,1.113294
2025-04-02,572.7039,0.750578
2025-04-03,573.6177,0.913836
2025-04-04,574.965,1.3473
2025-04-07,575.6144,0.649381
2025-04-08,575.5561,-0.058237
2025-04-09,575.6971,0.140935
2025-04-10,576.2569,0.559806
2025-04-11,576.9243,0.667367
2025-04-14,577.5475,0.623239
2025-04-15,577.8491,0.30162
2025-04-16,579.063,1.213895
2025-04-17,579.7581,0.695116
2025-04-18,580.3053,0.547198
2025-04-21,580.8167,0.511388
2025-04-22,582.0884,1.27174
2025-04-23,583.4244,1.335961
2025-04-24,584.0931,0.668644
2025-04-25,584.2717,0.178658
2025-04-28,585.5846,1.312859
2025-04-29,586.4194,0.834869
2025-04-30,586.67,0.250553
2025-05-01,587.1561,0.486065
2025-05-02,588.0696,0.913534
2025-05-05,588.6596,0.59002
2025-05-06,589.8591,1.199456
2025-05-07,590.7845,0.925429
2025-05-08,591.8172,1.032716
2025-05-09,591.6681,-0.149103
2025-05-12,592.3671,0.698991
2025-05-13,592.6237,0.256602
2025-05-14,593.771,1.147344
2025-05-15,594.741,0.969973
2025-05-16,595.8308,1.089785
2025-05-19,596.9397,1.108889
2025-05-20,598.1306,1.190896
2025-05-21,598.722,0.591405
2025-05-22,598.8169,0.094886
2025-05-23,599.1881,0.371185
2025-05-26,600.4162,1.228087
2025-05-27,601.0258,0.609642
2025-05-28,601.8406,0.814832
2025-05-29,601.7519,-0.08875
2025-05-30,602.35,0.598116
2025-06-02,602.7689,0.418914
2025-06-03,602.5279,-0.241029
2025-06-04,602.6773,0.149464
2025-06-05,603.5499,0.872585
2025-06-06,603.2517,-0.298215
2025-06-09,603.1711,-0.080589
2025-06-10,604.0129,0.841767
2025-06-11,605.9092,1.896296
2025-06-12,607.4671,1.557925
2025-06-13,608.1301,0.662963
2025-06-16,608.0432,-0.086898
2025-06-17,607.7451,-0.29807
2025-06-18,609.3893,1.644223
2025-06-19,610.3071,0.917817
2025-06-20,612.2657,1.958575
2025-06-23,613.9243,1.658573
2025-06-24,615.5769,1.652627
2025-06-25,615.9404,0.363508
2025-06-26,617.7134,1.772955
2025-06-27,617.5529,-0.160444
2025-06-30,618.54,0.987054
2025-07-01,619.1276,0.587603
2025-07-02,619.8526,0.725039
2025-07-03,620.0496,0.196925
2025-07-04,621.0185,0.968971
2025-07-07,621.6961,0.677547
2025-07-08,622.1894,0.493317
2025-07-09,622.7548,0.565438
2025-07-10,623.2728,0.517971
2025-07-11,623.1021,-0.170754
2025-07-14,624.4664,1.364342
2025-07-15,625.1778,0.711416
2025-07-16,626.4969,1.319095
2025-07-17,627.3408,0.843913
2025-07-18,627.9652,0.624351
2025-07-21,628.5035,0.538359
2025-07-22,629.0606,0.557025
2025-07-23,628.9228,-0.137748
2025-07-24,629.7418,0.819038
2025-07-25,631.0582,1.316349
2025-07-28,631.274,0.215817
2025-07-29,631.8628,0.58879
2025-07-30,632.4437,0.580933
2025-07-31,633.8,1.356262
2025-08-01,634.5281,0.728064
2025-08-04,635.1219,0.593821
2025-08-05,636.1224,1.000506
2025-08-06,636.5976,0.47521
2025-08-07,637.8337,1.236088
2025-08-08,638.3242,0.490494
2025-08-11,639.3028,0.978633
2025-08-12,640.7082,1.405405
2025-08-13,640.8674,0.159177
2025-08-14,642.189,1.32165
2025-08-15,641.9914,-0.197676
2025-08-18,643.5286,1.537275
2025-08-19,644.9637,1.43502
2025-08-20,646.4967,1.533051
2025-08-21,646.2582,-0.238476
2025-08-22,647.5414,1.283209
2025-08-25,647.3055,-0.235935
2025-08-26,648.3485,1.042955
2025-08-27,649.0688,0.720377
2025-08-28,649.3154,0.246534
2025-08-29,650.8,1.484619
2025-09-01,650.9556,0.155586
2025-09-02,651.5144,0.558862
2025-09-03,652.5635,1.049012
2025-09-04,653.277,0.7135
2025-09-05,653.4573,0.180306
2025-09-08,654.2988,0.841548
2025-09-09,654.9699,0.671058
2025-09-10,655.9111,0.941278
2025-09-11,657.1613,1.250121
2025-09-12,657.7539,0.592596
2025-09-15,658.2004,0.446553
2025-09-16,658.0888,-0.111598
2025-09-17,659.1326,1.043818
2025-09-18,660.2228,1.09018
2025-09-19,661.276,1.053173
2025-09-22,661.7385,0.462466
2025-09-23,662.1418,0.403369
2025-09-24,663.2968,1.154939
2025-09-25,663.8609,0.564105
2025-09-26,664.729,0.868139
2025-09-29,664.8739,0.144914
2025-09-30,665.55,0.676075
2025-10-01,665.9054,0.355456
2025-10-02,666.3242,0.418711
2025-10-03,667.2246,0.90039
2025-10-06,667.9328,0.708284
2025-10-07,669.0147,1.081871
2025-10-08,669.1033,0.088604
2025-10-09,669.8393,0.735965
2025-10-10,670.5146,0.675326
2025-10-13,671.1293,0.614702
2025-10-14,671.2101,0.080785
2025-10-15,671.9811,0.770984
2025-10-16,672.8793,0.898269
2025-10-17,673.9897,1.110378
2025-10-20,675.0016,1.011916
2025-10-21,675.5964,0.594759
2025-10-22,676.1184,0.522036
2025-10-23,676.4599,0.341473
2025-10-24,676.8648,0.404905
2025-10-27,677.7903,0.925503
2025-10-28,678.5086,0.718276
2025-10-29,679.6151,1.106526
2025-10-30,680.6016,0.986486
2025-10-31,681.6,0.998395
2025-11-03,682.6247,1.024687
2025-11-04,683.5507,0.926025
2025-11-05,683.2864,-0.26429
2025-11-06,685.0348,1.748337
2025-11-07,685.2993,0.264582
2025-11-10,686.7286,1.429303
2025-11-11,687.6728,0.944147
2025-11-12,687.5585,-0.11426
2025-11-13,688.6521,1.09356
2025-11-14,688.374,-0.278055
2025-11-17,689.9944,1.620341
2025-11-18,691.326,1.331596
2025-11-19,692.4089,1.082907
2025-11-20,692.7179,0.309001
2025-11-21,693.8833,1.165401
2025-11-24,694.7672,0.883876
2025-11-25,696.0933,1.326165
2025-11-26,697.5185,1.425141
2025-11-27,697.4172,-0.10129
2025-11-28,698.17,0.752825
2025-12-01,698.4879,0.317936
2025-12-02,699.17,0.682032
2025-12-03,700.7163,1.546371
2025-12-04,700.443,-0.273371
2025-12-05,700.9536,0.51067
2025-12-08,701.5034,0.549792
2025-12-09,701.2317,-0.271739
2025-12-10,701.61,0.37829
2025-12-11,701.733,0.123035
2025-12-12,702.9921,1.259131
2025-12-15,703.6307,0.638582
2025-12-16,703.5736,-0.057082
2025-12-17,703.8967,0.323075
2025-12-18,704.9837,1.086972
2025-12-19,705.5154,0.531745
2025-12-22,706.9637,1.448254
2025-12-23,708.4671,1.503445
2025-12-24,709.7735,1.306405
2025-12-25,710.3722,0.598628
2025-12-26,711.3759,1.003727
2025-12-29,712.1147,0.738843
2025-12-30,712.3359,0.221202
2025-12-31,713.15,0.814059
2026-01-01,713.0807,-0.069275
2026-01-02,713.8533,0.772627
2026-01-05,714.9169,1.06352
2026-01-06,715.9235,1.006609
2026-01-07,717.0502,1.126774
2026-01-08,718.1844,1.134142
2026-01-09,718.8475,0.663082
2026-01-12,719.486,0.638529
2026-01-13,720.2531,0.767124
2026-01-14,721.4037,1.150621
2026-01-15,721.9687,0.564912
2026-01-16,722.6058,0.637181
2026-01-19,723.4822,0.876386
2026-01-20,724.4476,0.965396
2026-01-21,724.9333,0.485669
2026-01-22,725.441,0.507739
2026-01-23,726.1024,0.661357
2026-01-26,726.5471,0.444693
2026-01-27,727.0486,0.501552
2026-01-28,727.5307,0.482036
2026-01-29,728.5562,1.025547
2026-01-30,729.06,0.50378
2026-02-02,729.8566,0.79663
2026-02-03,730.8667,1.010053
2026-02-04,731.6731,0.806405
2026-02-05,732.7448,1.071722
2026-02-06,733.7292,0.984368
2026-02-09,734.8454,1.116259
2026-02-10,736.4326,1.587125
2026-02-11,736.3743,-0.058252
2026-02-12,737.5225,1.148165
2026-02-13,737.2709,-0.251578
2026-02-16,738.9318,1.660866
2026-02-17,739.4582,0.526451
2026-02-18,739.6682,0.210037
2026-02-19,739.5361,-0.132099
2026-02-20,739.4193,-0.116801
2026-02-23,739.9779,0.55856
2026-02-24,740.6252,0.64729
2026-02-25,742.1693,1.544111
2026-02-26,742.4309,0.261581
2026-02-27,744.04,1.609107
2026-03-02,744.8506,0.810649
2026-03-03,744.9691,0.118421
2026-03-04,745.6115,0.642439
2026-03-05,746.4233,0.811753
2026-03-06,747.0429,0.619642
2026-03-09,746.8708,-0.172097
2026-03-10,747.9467,1.075867
2026-03-11,748.8664,0.919762
2026-03-12,749.6154,0.748941
2026-03-13,750.341,0.725649
2026-03-16,750.5253,0.184315
2026-03-17,751.1771,0.651745
2026-03-18,752.2715,1.094405
2026-03-19,752.3966,0.125094
2026-03-20,752.5483,0.151757
2026-03-23,752.9452,0.396827
2026-03-24,753.8003,0.855178
2026-03-25,754.7935,0.993152
2026-03-26,755.7793,0.985839
2026-03-27,755.7554,-0.023904
2026-03-30,756.807,1.051527
2026-03-31,757.81,1.003039
2026-04-01,758.2731,0.463073
2026-04-02,758.1475,-0.125551
2026-04-03,759.2759,1.128416
2026-04-06,759.5338,0.257901
2026-04-07,759.9873,0.453476
2026-04-08,761.1054,1.118093
2026-04-09,761.0159,-0.089532
2026-04-10,762.1984,1.182517
2026-04-13,763.2981,1.0997
2026-04-14,764.2089,0.910859
2026-04-15,764.7889,0.579904
2026-04-16,765.6255,0.836604
2026-04-17,766.181,0.555538
2026-04-20,767.4691,1.288126
2026-04-21,768.7323,1.263141
2026-04-22,769.5046,0.772374
2026-04-23,769.9587,0.454093
2026-04-24,770.4212,0.462438
2026-04-27,771.7694,1.348273
2026-04-28,773.0591,1.289671
2026-04-29,772.9307,-0.12842
2026-04-30,773.87,0.939308
2026-05-01,773.715,-0.155032
2026-05-04,775.2328,1.517839
2026-05-05,776.3045,1.07169
2026-05-06,776.9314,0.626865
2026-05-07,777.3497,0.418321
2026-05-08,778.4508,1.10111
2026-05-11,779.5716,1.120841
2026-05-12,779.8834,0.311796
2026-05-13,781.4944,1.610993
2026-05-14,782.2379,0.743507
2026-05-15,782.0768,-0.161118
2026-05-18,781.7568,-0.320026
2026-05-19,783.3165,1.559685
2026-05-20,784.5308,1.214305
2026-05-21,785.27,0.739198
2026-05-22,786.0756,0.805658
2026-05-25,787.3449,1.269285
2026-05-26,787.4907,0.145797
2026-05-27,788.7259,1.235203
2026-05-28,789.4279,0.701992
2026-05-29,790.51,1.082091
2026-06-01,791.2561,0.746068
2026-06-02,791.8132,0.557174
2026-06-03,792.4349,0.621706
2026-06-04,793.2984,0.863419
2026-06-05,794.4967,1.19833
2026-06-08,794.9942,0.497509
2026-06-09,795.8701,0.875906
2026-06-10,796.7087,0.838551
2026-06-11,797.2344,0.525729
2026-06-12,798.1847,0.950302
2026-06-15,798.7168,0.532118
2026-06-16,799.1617,0.444885
2026-06-17,800.1356,0.973946
2026-06-18,800.8833,0.747674
2026-06-19,802.06,1.176707
2026-06-22,803.1432,1.083213
2026-06-23,803.8848,0.74156
2026-06-24,804.0513,0.166465
2026-06-25,804.5955,0.544232
2026-06-26,804.5245,-0.071005
2026-06-29,804.504,-0.020467
2026-06-30,805.34,0.835979
2026-07-01,805.5357,0.195671
2026-07-02,806.0054,0.469693
2026-07-03,807.0574,1.052019
2026-07-06,808.1098,1.052458
2026-07-07,808.6699,0.560011
2026-07-08,809.2168,0.546961
2026-07-09,810.1828,0.965991
2026-07-10,810.0906,-0.092224
2026-07-13,810.6217,0.531123
2026-07-14,810.9843,0.36264
2026-07-15,811.6838,0.699492
2026-07-16,811.5215,-0.162377
2026-07-17,812.0318,0.510389
2026-07-20,812.7081,0.676287
2026-07-21,813.2842,0.576097
2026-07-22,814.243,0.95874
2026-07-23,815.135,0.892003
2026-07-24,815.633,0.498023
2026-07-27,816.158,0.524958
2026-07-28,817.1255,0.967566
2026-07-29,816.9358,-0.189699
2026-07-30,818.0318,1.095972
2026-07-31,818.69,0.658206
2026-08-03,822.839,4.148987
2026-08-04,830.3967,7.557741
2026-08-05,834.4,4.003271
